question,answer
What is the ability to work well with others?,Teamwork
What is the skill of effectively exchanging information?,Communication
What skill involves understanding others' feelings?,Empathy
What skill is needed for leading a team?,Leadership
What is the ability to manage time efficiently?,Time-management
What is the skill of resolving disagreements?,Conflict-resolution
What is the quality of being reliable?,Dependability
What skill involves being adaptable to change?,Flexibility
What is the practice of actively listening to others?,Listening
What is the ability to influence others?,Persuasion
What skill involves generating new ideas?,Creativity
What is the trait of maintaining a positive attitude?,Positivity
What is the skill of making decisions effectively?,Decision-making
What is the ability to keep calm under pressure?,Composure
What is the skill of managing projects?,Organization
What is the practice of being honest and having strong morals?,Integrity
What is the ability to inspire others?,Motivation
What is the skill of working independently?,Self-reliance
What is the quality of showing respect and consideration?,Courtesy
What is the skill of understanding and managing your own emotions?,Self-awareness
What is the ability to accept feedback gracefully?,Feedback
What is the skill of being punctual?,Timeliness
What is the practice of being attentive to details?,Precision
What is the ability to maintain a strong work ethic?,Diligence
What is the skill of effectively managing tasks?,Prioritization
What is the quality of being open to new ideas?,Open-mindedness
What is the skill of expressing ideas clearly?,Clarity
What is the ability to work towards long-term goals?,Perseverance
What is the quality of being patient?,Patience
What is the skill of negotiating effectively?,Negotiation
What is the practice of being organized?,Orderliness
What is the ability to maintain professionalism?,Professionalism
What is the skill of being resourceful?,Resourcefulness
What is the quality of having a positive outlook?,Optimism
What is the ability to work ethically?,Ethics
What is the skill of resolving issues quickly?,Problem-solving
What is the practice of being dedicated to your work?,Commitment
What is the ability to manage multiple tasks?,Multitasking
What is the skill of effectively using body language?,Nonverbal
What is the quality of being approachable?,Approachability
What is the ability to adapt to new environments?,Adaptability
What is the skill of being proactive?,Initiative
What is the practice of maintaining confidentiality?,Discretion
What is the ability to influence team dynamics?,Facilitation
What is the skill of managing stress effectively?,Stress-management
What is the quality of being self-motivated?,Self-motivation
What is the ability to maintain focus on tasks?,Concentration
What is the skill of building strong relationships?,Networking
What is the practice of being consistent in performance?,Consistency
What is the ability to give constructive criticism?,Critique
What is the skill of adapting communication styles?,Adaptability
What is the quality of being diplomatic?,Diplomacy
What is the ability to manage personal development?,Self-improvement
What is the skill of being an active learner?,Learning
What is the practice of showing respect to others?,Respect
What is the ability to motivate others?,Encouragement
What is the skill of being detail-oriented?,Thoroughness
What is the quality of being accountable?,Accountability
What is the ability to build trust?,Trustworthiness
What is the skill of setting clear goals?,Goal-setting
What is the practice of being empathetic?,Compassion
What is the ability to communicate cross-culturally?,Cultural-awareness
What is the skill of being solution-focused?,Solution-oriented
What is the quality of being respectful in communication?,Tact
What is the ability to handle criticism?,Resilience
What is the skill of being a good role model?,Exemplary
What is the practice of recognizing others' achievements?,Recognition
What is the ability to understand group dynamics?,Team-building
What is the skill of being flexible with plans?,Agility
What is the quality of being trustworthy?,Reliability
What is the ability to take responsibility?,Ownership
What is the skill of being an effective communicator?,Articulation
What is the practice of maintaining a good attitude?,Positivity
What is the ability to handle ambiguity?,Tolerance
What is the skill of balancing work and life?,Balance
What is the quality of being respectful to others?,Politeness
What is the ability to encourage team participation?,Engagement
What is the skill of being a good listener?,Attentiveness
What is the practice of being transparent?,Transparency
What is the ability to collaborate effectively?,Cooperation
What is the skill of managing workloads?,Efficiency
What is the quality of being responsive?,Responsiveness
What is the ability to communicate assertively?,Assertiveness
What is the skill of giving praise appropriately?,Appreciation
What is the practice of being inclusive?,Inclusion
What is the ability to adapt to feedback?,Adaptability
What is the skill of being an effective mediator?,Mediation
What is the quality of having strong principles?,Principle
What is the ability to develop others?,Mentoring
What is the skill of managing group dynamics?,Group-dynamics
What is the practice of being attentive?,Mindfulness
What is the ability to communicate vision?,Visionary
What is the skill of maintaining enthusiasm?,Enthusiasm
What is the quality of being generous?,Generosity
What is the ability to manage interpersonal relationships?,Relationship-management
What is the skill of recognizing others' needs?,Perception
What is the practice of being ethical?,Morality
What is the ability to work with integrity?,Honesty
What is the skill of showing humility?,Humility
What is the quality of having self-confidence?,Confidence
